temp,temp2
0.008443159163513535,-0.00024912975647337624
